﻿Id	Code	Name	Standard Class	Domain	Vocab	Validity	Concept
4001047	119247004	Hypoalbuminemia	Clinical Finding	Condition	SNOMED	Valid	Standard
4007111	207290003	[D]Abnormality of albumin	Context-dependent	Condition	SNOMED	Invalid	Non-standard
4042048	166783005	Serum albumin normal	Clinical Finding	Condition	SNOMED	Valid	Standard
4057005	167964001	Pleural fluid albumin raised	Clinical Finding	Condition	SNOMED	Valid	Standard
4061172	21367009	Autosomal dominant variant form of albumin	Clinical Finding	Condition	SNOMED	Valid	Standard
4078277	275795003	Albumin in sample	Clinical Finding	Condition	SNOMED	Valid	Standard
4132557	127354003	Increased albumin	Clinical Finding	Condition	SNOMED	Valid	Standard
4133722	127353009	Abnormal structure of albumin	Clinical Finding	Condition	SNOMED	Valid	Standard
4133723	127355002	Decreased albumin	Clinical Finding	Condition	SNOMED	Valid	Standard
4166149	274886005	Abnormality of albumin	Clinical Finding	Condition	SNOMED	Invalid	Non-standard
4275213	365801005	Albumin level - finding	Clinical Finding	Condition	SNOMED	Valid	Standard
4325125	71628007	Abnormal presence of albumin	Clinical Finding	Condition	SNOMED	Valid	Standard
40312201	145192000	Pleural fluid albumin raised	Clinical Finding	Condition	SNOMED	Invalid	Non-standard
40328999	166784004	Serum albumin low	Clinical Finding	Condition	SNOMED	Invalid	Non-standard
44813697	499761000000103	[D]Abnormality of albumin	Context-dependent	Condition	SNOMED	Invalid	Non-standard
3562031	3095501000001106	Urine albumin test strip	Context-dependent	Device	SNOMED	Invalid	Non-standard
4031617	109145005	Albumin test kit	Physical Object	Device	SNOMED	Valid	Standard
4132033	412139009	Bovine serum albumin	Substance	Device	SNOMED	Valid	Standard
42687704	34267311000001103	Perflutren-containing microspheres of heat treated human albumin	Substance	Device	SNOMED	Valid	Standard
"2212093	80053	Comprehensive metabolic panel This panel must include the following: Albumin (82040) Bilirubin, total (82247) Calcium, total (82310) Carbon dioxide (bicarbonate) (82374) Chloride (82435) Creatinine (82565) Glucose (82947) Phosphatase, alkaline (84075)...	CPT4	Measurement	CPT4	Valid	Standard"
"2212096	80069	Renal function panel This panel must include the following: Albumin (82040) Calcium, total (82310) Carbon dioxide (bicarbonate) (82374) Chloride (82435) Creatinine (82565) Glucose (82947) Phosphorus inorganic (phosphate) (84100) Potassium (84132) Sodiu...	CPT4	Measurement	CPT4	Valid	Standard"
"2212099	80076	Hepatic function panel This panel must include the following: Albumin (82040) Bilirubin, total (82247) Bilirubin, direct (82248) Phosphatase, alkaline (84075) Protein, total (84155) Transferase, alanine amino (ALT) (SGPT) (84460) Transferase, aspartate...	CPT4	Measurement	CPT4	Valid	Standard"
"2212186	82040	Albumin; serum, plasma or whole blood	CPT4	Measurement	CPT4	Valid	Standard"
"2212187	82042	Albumin; other source, quantitative, each specimen	CPT4	Measurement	CPT4	Valid	Standard"
"2212188	82043	Albumin; urine (eg, microalbumin), quantitative	CPT4	Measurement	CPT4	Valid	Standard"
"2212189	82044	Albumin; urine (eg, microalbumin), semiquantitative (eg, reagent strip assay)	CPT4	Measurement	CPT4	Valid	Standard"
2212190	82045	Albumin; ischemia modified	CPT4	Measurement	CPT4	Valid	Standard
45889436	1011249	Albumin	CPT4 Hierarchy	Measurement	CPT4	Valid	Classification
45534463	R77.0	Abnormality of albumin	ICD10 code	Measurement	ICD10	Valid	Non-standard
35211429	R77.0	Abnormality of albumin	4-char billing code	Measurement	ICD10CM	Valid	Non-standard
1427888	R77.0	Abnormality of albumin	ICD10 code	Measurement	ICD10CN	Valid	Non-standard
1427889	R77.000	Abnormality of albumin	ICD10 code	Measurement	ICD10CN	Valid	Non-standard
1427898	R77.802	M albumin (machine translation)	ICD10 code	Measurement	ICD10CN	Valid	Non-standard
1427902	R77.901	Albumin (machine translation)	ICD10 code	Measurement	ICD10CN	Valid	Non-standard
37094093	R77.0	Abnormality of albumin	ICD10 code	Measurement	ICD10GM	Valid	Non-standard
1175719	89998-9	Albumin/Creatinine [Ratio] in Urine by Detection limit <= 3.0 mg/L	Lab Test	Measurement	LOINC	Valid	Standard
1175782	90000-1	Albumin [Mass/time] in 24 hour Urine by Detection limit <= 3.0 mg/L	Lab Test	Measurement	LOINC	Valid	Standard
1176069	89999-7	Albumin [Mass/volume] in Urine by Detection limit <= 3.0 mg/L	Lab Test	Measurement	LOINC	Valid	Standard
3000034	14957-5	Microalbumin [Mass/volume] in Urine	Lab Test	Measurement	LOINC	Valid	Standard
3000819	13705-9	Albumin/Creatinine [Mass Ratio] in 24 hour Urine	Lab Test	Measurement	LOINC	Valid	Standard
3000837	20621-9	Albumin/Creatinine [Presence] in Urine by Test strip	Lab Test	Measurement	LOINC	Valid	Standard
3000911	14433-7	Albumin/Globulin [Mass Ratio] in Cerebral spinal fluid	Lab Test	Measurement	LOINC	Valid	Standard
3001372	14436-0	Albumin/Globulin [Mass Ratio] in Semen	Lab Test	Measurement	LOINC	Valid	Standard
3001802	14959-1	Microalbumin/Creatinine [Mass Ratio] in Urine	Lab Test	Measurement	LOINC	Valid	Standard
3002000	32293-3	Albumin [Mass/volume] in Specimen	Lab Test	Measurement	LOINC	Valid	Standard
3002459	14435-2	Albumin/Globulin [Mass Ratio] in Peritoneal fluid	Lab Test	Measurement	LOINC	Valid	Standard
3002590	2877-9	Prealbumin [Mass/volume] in Serum or Plasma by Electrophoresis	Lab Test	Measurement	LOINC	Valid	Standard
3002812	14585-4	Albumin/Creatinine [Molar ratio] in Urine	Lab Test	Measurement	LOINC	Valid	Standard
3002827	14958-3	Microalbumin/Creatinine [Mass Ratio] in 24 hour Urine	Lab Test	Measurement	LOINC	Valid	Standard
3002952	14434-5	Albumin/Globulin [Mass Ratio] in Pleural fluid	Lab Test	Measurement	LOINC	Valid	Standard
3003000	25532-3	Swine serum albumin IgE Ab RAST class [Presence] in Serum	Lab Test	Measurement	LOINC	Valid	Standard
3003772	2876-1	Prealbumin [Mass/volume] in Cerebral spinal fluid by Electrophoresis	Lab Test	Measurement	LOINC	Valid	Standard
3004764	13973-3	Prealbumin/Protein.total in Cerebral spinal fluid by Electrophoresis	Lab Test	Measurement	LOINC	Valid	Standard
3005031	30003-8	Microalbumin [Mass/volume] in 24 hour Urine	Lab Test	Measurement	LOINC	Valid	Standard
3005071	17820-2	Albumin/Protein.total in Body fluid by Electrophoresis	Lab Test	Measurement	LOINC	Valid	Standard
3005202	14432-9	Albumin/Globulin [Mass Ratio] in Amniotic fluid	Lab Test	Measurement	LOINC	Valid	Standard
3005577	14956-7	Microalbumin [Mass/time] in 24 hour Urine	Lab Test	Measurement	LOINC	Valid	Standard
3006168	15124-1	Albumin/Protein.total in Synovial fluid by Electrophoresis	Lab Test	Measurement	LOINC	Valid	Standard
3007393	13444-5	Calcium/Albumin [Mass Ratio] in Serum or Plasma	Lab Test	Measurement	LOINC	Valid	Standard
3007424	13980-8	Albumin/Protein.total in Serum or Plasma by Electrophoresis	Lab Test	Measurement	LOINC	Valid	Standard
3007731	14015-2	Thyroxine (T4).prealbumin bound/Prealbumin [Mass Ratio] in Serum or Plasma	Lab Test	Measurement	LOINC	Valid	Standard
3007798	2470-3	IgG/Albumin [Mass Ratio] in Cerebral spinal fluid	Lab Test	Measurement	LOINC	Valid	Standard
3007862	13974-1	Albumin/Protein.total in Cerebral spinal fluid by Electrophoresis	Lab Test	Measurement	LOINC	Valid	Standard
3008073	17844-2	Estradiol (E2).albumin bound [Mass/volume] in Serum or Plasma	Lab Test	Measurement	LOINC	Valid	Standard
3008335	23807-1	Albumin [Mass/volume] in Peritoneal fluid --4 hours post peritoneal dialysis	Lab Test	Measurement	LOINC	Valid	Standard
3008512	6942-7	Albumin [Mass/volume] in Urine by Electrophoresis	Lab Test	Measurement	LOINC	Valid	Standard
3008846	14014-5	Thyroxine (T4).prealbumin bound [Mass/volume] in Serum or Plasma	Lab Test	Measurement	LOINC	Valid	Standard
3008960	21059-1	Albumin [Mass/volume] in 24 hour Urine	Lab Test	Measurement	LOINC	Valid	Standard
3009456	17810-3	Prealbumin/Protein.total in Body fluid by Electrophoresis	Lab Test	Measurement	LOINC	Valid	Standard
3009514	9406-0	Albumin/Globulin [Mass Ratio] in 24 hour Urine	Lab Test	Measurement	LOINC	Valid	Standard
3009581	2863-9	Albumin [Mass/volume] in Synovial fluid by Electrophoresis	Lab Test	Measurement	LOINC	Valid	Standard
3010008	10386-1	Albumin given [Volume]	Lab Test	Measurement	LOINC	Valid	Standard
3010279	2861-3	Albumin [Mass/volume] in Cerebral spinal fluid by Electrophoresis	Lab Test	Measurement	LOINC	Valid	Standard
3010673	1757-4	Albumin renal clearance in 24 hour Urine and Serum or Plasma	Lab Test	Measurement	LOINC	Valid	Standard
3010926	13992-3	Albumin/Protein.total in Urine by Electrophoresis	Lab Test	Measurement	LOINC	Valid	Standard
3011544	1748-3	Albumin [Mass/volume] in Pleural fluid	Lab Test	Measurement	LOINC	Valid	Standard
3012516	1754-1	Albumin [Mass/volume] in Urine	Lab Test	Measurement	LOINC	Valid	Standard
3013046	25395-5	Dog serum albumin IgE Ab RAST class [Presence] in Serum	Lab Test	Measurement	LOINC	Valid	Standard
3013142	13986-5	Albumin/Protein.total in 24 hour Urine by Electrophoresis	Lab Test	Measurement	LOINC	Valid	Standard
3013186	12174-9	Albumin/Globulin [Mass Ratio] in Body fluid	Lab Test	Measurement	LOINC	Valid	Standard
3013247	1756-6	Albumin in CSF/Albumin in Serum or Plasma	Lab Test	Measurement	LOINC	Valid	Standard
3013594	25585-1	Cat serum albumin IgE Ab RAST class [Presence] in Serum	Lab Test	Measurement	LOINC	Valid	Standard
3013742	14338-8	Prealbumin [Mass/volume] in Serum or Plasma	Lab Test	Measurement	LOINC	Valid	Standard
3014072	1758-2	Albumin.glycated [Mass/volume] in Serum or Plasma	Lab Test	Measurement	LOINC	Valid	Standard
3014145	19738-4	Dog serum albumin IgE Ab [Units/volume] in Serum	Lab Test	Measurement	LOINC	Valid	Standard
3016915	23806-3	Albumin [Mass/volume] in Peritoneal fluid --2 hours post peritoneal dialysis	Lab Test	Measurement	LOINC	Valid	Standard
3017439	30562-3	Surfactant/Albumin [Mass Ratio] in Amniotic fluid	Lab Test	Measurement	LOINC	Valid	Standard
3017925	6793-4	Prealbumin [Mass/volume] in Serum or Plasma by Immunoassay	Lab Test	Measurement	LOINC	Valid	Standard
3018078	12175-6	Deprecated Albumin/Globulin [Mass ratio] in Serum	Lab Test	Measurement	LOINC	Invalid	Non-standard
3018097	6941-9	Albumin [Mass/time] in 24 hour Urine by Electrophoresis	Lab Test	Measurement	LOINC	Valid	Standard
3018104	11218-5	Microalbumin [Mass/volume] in Urine by Test strip	Lab Test	Measurement	LOINC	Valid	Standard
3018721	21058-3	Albumin [Mass/volume] in Serum or Plasma --2 hours post peritoneal dialysis	Lab Test	Measurement	LOINC	Valid	Standard
3019441	14437-8	Albumin/Globulin [Mass Ratio] in Synovial fluid	Lab Test	Measurement	LOINC	Valid	Standard
3019614	10465-3	Amyloid.prealbumin Ag [Presence] in Tissue by Immune stain	Lab Test	Measurement	LOINC	Valid	Standard
3019999	19732-7	Cat serum albumin IgE Ab [Units/volume] in Serum	Lab Test	Measurement	LOINC	Valid	Standard
3020059	29265-6	Calcium [Moles/volume] corrected for albumin in Serum or Plasma	Lab Test	Measurement	LOINC	Valid	Standard
3020222	14117-6	IgG clearance/Albumin clearance [Ratio] in Serum and CSF	Lab Test	Measurement	LOINC	Valid	Standard
3020275	9405-2	Albumin/Globulin [Mass Ratio] in Urine	Lab Test	Measurement	LOINC	Valid	Standard
3020509	1759-0	Albumin/Globulin [Mass Ratio] in Serum or Plasma	Lab Test	Measurement	LOINC	Valid	Standard
3020682	32294-1	Albumin/Creatinine [Ratio] in Urine	Lab Test	Measurement	LOINC	Valid	Standard
3021114	14123-4	Thyroxine (T4).albumin bound/Albumin [Mass Ratio] in Serum or Plasma	Lab Test	Measurement	LOINC	Valid	Standard
3021492	6782-7	IgG/Albumin [Mass Ratio] in Serum	Lab Test	Measurement	LOINC	Valid	Standard
3022482	10922-3	Bovine serum albumin (BSA) IgE Ab [Units/volume] in Serum	Lab Test	Measurement	LOINC	Valid	Standard
3022826	30000-4	Microalbumin/Creatinine [Ratio] in Urine	Lab Test	Measurement	LOINC	Valid	Standard
3023556	30001-2	Microalbumin/Creatinine [Ratio] in Urine by Test strip	Lab Test	Measurement	LOINC	Valid	Standard
3023942	1745-9	Albumin [Mass/volume] in Amniotic fluid	Lab Test	Measurement	LOINC	Valid	Standard
3024268	19759-0	Swine serum albumin IgE Ab [Units/volume] in Serum	Lab Test	Measurement	LOINC	Valid	Standard
3024474	1746-7	Albumin [Mass/volume] in Cerebral spinal fluid	Lab Test	Measurement	LOINC	Valid	Standard
3024561	1751-7	Albumin [Mass/volume] in Serum or Plasma	Lab Test	Measurement	LOINC	Valid	Standard
3024956	3037-9	Deprecated Prealbumin [Enzymatic activity/volume] in Serum or Plasma	Lab Test	Measurement	LOINC	Invalid	Non-standard
3025268	1750-9	Albumin [Mass/volume] in Semen	Lab Test	Measurement	LOINC	Valid	Standard
3025313	1747-5	Albumin [Mass/volume] in Body fluid	Lab Test	Measurement	LOINC	Valid	Standard
3025380	1752-5	Albumin [Mass/volume] in Synovial fluid	Lab Test	Measurement	LOINC	Valid	Standard
3025656	13979-0	Prealbumin/Protein.total in Serum or Plasma by Electrophoresis	Lab Test	Measurement	LOINC	Valid	Standard
3025987	1753-3	Albumin [Presence] in Urine	Lab Test	Measurement	LOINC	Valid	Standard
3026547	13985-7	Prealbumin/Protein.total in 24 hour Urine by Electrophoresis	Lab Test	Measurement	LOINC	Valid	Standard
3026692	1749-1	Albumin [Mass/volume] in Peritoneal fluid	Lab Test	Measurement	LOINC	Valid	Standard
3027035	1755-8	Albumin [Mass/time] in 24 hour Urine	Lab Test	Measurement	LOINC	Valid	Standard
3027205	13991-5	Prealbumin/Protein.total in Urine by Electrophoresis	Lab Test	Measurement	LOINC	Valid	Standard
3027907	15590-3	Bovine serum albumin (BSA) IgE Ab RAST class [Presence] in Serum	Lab Test	Measurement	LOINC	Valid	Standard
3028286	2862-1	Albumin [Mass/volume] in Serum or Plasma by Electrophoresis	Lab Test	Measurement	LOINC	Valid	Standard
3029791	33467-2	Prealbumin [Mass/volume] in Cord blood	Lab Test	Measurement	LOINC	Valid	Standard
3029937	50949-7	Albumin [Presence] in Urine by Test strip	Lab Test	Measurement	LOINC	Valid	Standard
3030511	51190-7	Albumin [Mass/volume] in 24 hour Urine by Electrophoresis	Lab Test	Measurement	LOINC	Valid	Standard
3032710	49936-8	Calcium.ionized/Calcium.total corrected for albumin in Blood	Lab Test	Measurement	LOINC	Valid	Standard
3032782	49935-0	Calcium.ionized/Calcium.total corrected for albumin in Serum or Plasma	Lab Test	Measurement	LOINC	Valid	Standard
3033268	50209-6	Albumin [Mass/time] in Urine collected for unspecified duration --supine	Lab Test	Measurement	LOINC	Valid	Standard
3033369	18180-0	Deprecated Albumin	Lab Test	Measurement	LOINC	Invalid	Non-standard
3033633	19046-2	Deprecated Bovine serum albumin (BSA) IgE Ab RAST class in Serum	Lab Test	Measurement	LOINC	Invalid	Non-standard
3034485	9318-7	Albumin/Creatinine [Mass Ratio] in Urine	Lab Test	Measurement	LOINC	Valid	Standard
3034736	10414-1	Transfuse albumin [Volume]	Lab Test	Measurement	LOINC	Valid	Standard
3034826	13873-5	Albumin.glycated/Albumin.total in Serum or Plasma	Lab Test	Measurement	LOINC	Valid	Standard
3035472	35706-1	Albumin/Protein.total in Serum or Plasma	Lab Test	Measurement	LOINC	Valid	Standard
3036054	30165-5	Phosphatidylcholine/Albumin [Mass Ratio] in Amniotic fluid	Lab Test	Measurement	LOINC	Valid	Standard
3036634	29946-1	Albumin [Presence] in 24 hour Urine by Electrophoresis	Lab Test	Measurement	LOINC	Valid	Standard
3036672	30008-7	Blood group antibody screen [Titer] in Serum or Plasma by Albumin technique	Lab Test	Measurement	LOINC	Valid	Standard
3036845	10558-5	Albumin [Moles/volume] in Semen	Lab Test	Measurement	LOINC	Valid	Standard
3037092	24888-0	NM Pulmonary system Ventilation and Perfusion W Xe-133 IH and W Tc-99m MAA IV	Clinical Observation	Measurement	LOINC	Valid	Standard
3037539	17819-4	Albumin/Protein.total by Electrophoresis in Urine collected for unspecified duration	Lab Test	Measurement	LOINC	Valid	Standard
3038255	40060-6	Albumin [Mass/volume] in Serum or Plasma --1 day post XXX challenge	Lab Test	Measurement	LOINC	Valid	Standard
3038283	40061-4	Albumin [Mass/volume] in Serum or Plasma --2 days post XXX challenge	Lab Test	Measurement	LOINC	Valid	Standard
3038538	40059-8	Albumin [Mass/volume] in Serum or Plasma --12 hours post XXX challenge	Lab Test	Measurement	LOINC	Valid	Standard
3038545	40062-2	Albumin [Mass/volume] in Serum or Plasma --3 days post XXX challenge	Lab Test	Measurement	LOINC	Valid	Standard
3038609	53529-4	Microalbumin [Mass/volume] in Body fluid by Detection limit <= 1.0 mg/L	Lab Test	Measurement	LOINC	Valid	Standard
3038666	40049-9	Albumin [Mass/volume] in Serum or Plasma --45 minutes post XXX challenge	Lab Test	Measurement	LOINC	Valid	Standard
3038681	40047-3	Albumin [Mass/volume] in Serum or Plasma --45 minutes pre XXX challenge	Lab Test	Measurement	LOINC	Valid	Standard
3039010	40050-7	Albumin [Mass/volume] in Serum or Plasma --1 hour post XXX challenge	Lab Test	Measurement	LOINC	Valid	Standard
3039436	53530-2	Microalbumin [Mass/volume] in 24 hour Urine by Detection limit <= 1.0 mg/L	Lab Test	Measurement	LOINC	Valid	Standard
3039522	40857-5	Prealbumin [Mass/volume] in Urine	Lab Test	Measurement	LOINC	Valid	Standard
3039775	53531-0	Microalbumin [Mass/volume] in Urine by Detection limit <= 1.0 mg/L	Lab Test	Measurement	LOINC	Valid	Standard
3040076	40056-4	Albumin [Mass/volume] in Serum or Plasma --6 hours post XXX challenge	Lab Test	Measurement	LOINC	Valid	Standard
3040108	40054-9	Albumin [Mass/volume] in Serum or Plasma --4 hours post XXX challenge	Lab Test	Measurement	LOINC	Valid	Standard
3040290	53532-8	Microalbumin [Mass/time] in 24 hour Urine by Detection limit <= 1.0 mg/L	Lab Test	Measurement	LOINC	Valid	Standard
3040426	39664-8	NM Heart Views for shunt detection W Tc-99m MAA IV	Clinical Observation	Measurement	LOINC	Valid	Standard
3040509	53229-1	Prealbumin [Mass/time] in 24 hour Urine	Lab Test	Measurement	LOINC	Valid	Standard
3040616	40048-1	Albumin [Mass/volume] in Serum or Plasma --30 minutes post XXX challenge	Lab Test	Measurement	LOINC	Valid	Standard
3041198	40599-3	Albumin [Mass/volume] in Peritoneal dialysis fluid	Lab Test	Measurement	LOINC	Valid	Standard
3041340	40055-6	Albumin [Mass/volume] in Serum or Plasma --5 hours post XXX challenge	Lab Test	Measurement	LOINC	Valid	Standard
3041627	40053-1	Albumin [Mass/volume] in Serum or Plasma --3 hours post XXX challenge	Lab Test	Measurement	LOINC	Valid	Standard
3041773	40051-5	Albumin [Mass/volume] in Serum or Plasma --1.5 hours post XXX challenge	Lab Test	Measurement	LOINC	Valid	Standard
3042122	51693-0	Albumin [Mass/volume] in Pericardial fluid	Lab Test	Measurement	LOINC	Valid	Standard
3042463	40063-0	Albumin [Mass/volume] in Serum or Plasma --4 days post XXX challenge	Lab Test	Measurement	LOINC	Valid	Standard
3043179	43606-3	Microalbumin [Mass/time] in 4 hour Urine	Lab Test	Measurement	LOINC	Valid	Standard
3043209	44292-1	Microalbumin/Creatinine [Mass Ratio] in 12 hour Urine	Lab Test	Measurement	LOINC	Valid	Standard
3043217	43711-1	Albumin [Presence] in Cerebral spinal fluid	Lab Test	Measurement	LOINC	Valid	Standard
3043499	44707-8	Albumin/Creatinine [Mass Ratio] in Cerebral spinal fluid	Lab Test	Measurement	LOINC	Valid	Standard
3043645	40058-0	Albumin [Mass/volume] in Serum or Plasma --8 hours post XXX challenge	Lab Test	Measurement	LOINC	Valid	Standard
3043771	43607-1	Microalbumin [Mass/time] in 12 hour Urine	Lab Test	Measurement	LOINC	Valid	Standard
3043798	43712-9	Albumin [Presence] in Serum or Plasma	Lab Test	Measurement	LOINC	Invalid	Non-standard
3043929	40046-5	Albumin [Mass/volume] in Serum or Plasma --pre XXX challenge	Lab Test	Measurement	LOINC	Valid	Standard
3044260	40057-2	Albumin [Mass/volume] in Serum or Plasma --6.5 hours post XXX challenge	Lab Test	Measurement	LOINC	Valid	Standard
3044559	40052-3	Albumin [Mass/volume] in Serum or Plasma --2 hours post XXX challenge	Lab Test	Measurement	LOINC	Valid	Standard
3044718	44149-3	NM Abdomen and Pelvis Views for shunt patency W Tc-99m MAA inj	Clinical Observation	Measurement	LOINC	Valid	Standard
3044974	46130-1	Prealbumin [Mass/volume] in Serum or Plasma by Nephelometry	Lab Test	Measurement	LOINC	Valid	Standard
3045322	44294-7	Albumin/Globulin [Mass Ratio] in 24 hour Urine by Electrophoresis	Lab Test	Measurement	LOINC	Valid	Standard
3045561	43212-0	Albumin [Mass/volume] in Body fluid by Electrophoresis	Lab Test	Measurement	LOINC	Valid	Standard
3046055	43713-7	Albumin [Presence] in Body fluid	Lab Test	Measurement	LOINC	Valid	Standard
3046205	44141-0	NM Liver and Spleen Views W Tc-99m MAA IV	Clinical Observation	Measurement	LOINC	Valid	Standard
3046828	43605-5	Microalbumin [Mass/volume] in 4 hour Urine	Lab Test	Measurement	LOINC	Valid	Standard
3046948	44429-9	Albumin/Globulin [Mass Ratio] in Serum or Plasma by Electrophoresis	Lab Test	Measurement	LOINC	Valid	Standard
3047023	44293-9	Albumin/Globulin [Mass Ratio] in Urine by Electrophoresis	Lab Test	Measurement	LOINC	Valid	Standard
3047107	46099-8	Calcium [Mass/volume] corrected for albumin in Serum or Plasma	Lab Test	Measurement	LOINC	Valid	Standard
3048516	47558-2	Microalbumin/Protein.total in 24 hour Urine	Lab Test	Measurement	LOINC	Valid	Standard
3048864	48777-7	Kappa light chains.free/Albumin in Serum and CSF	Lab Test	Measurement	LOINC	Valid	Standard
3049202	48669-6	Albumin and Immunoglobulin Quotient [Interpretation] in Serum and CSF	Lab Test	Measurement	LOINC	Valid	Standard
3049506	49023-5	Microalbumin [Mass/time] in Urine collected for unspecified duration	Lab Test	Measurement	LOINC	Valid	Standard
3050449	49002-9	Albumin [Mass/time] in Urine collected for unspecified duration	Lab Test	Measurement	LOINC	Valid	Standard
3051066	48228-1	Bovine serum albumin (BSA) triggered leukotriene release [Mass/volume] by Leukocytes	Lab Test	Measurement	LOINC	Valid	Standard
3052393	48227-3	Human serum albumin triggered leukotriene release [Mass/volume] by Leukocytes	Lab Test	Measurement	LOINC	Valid	Standard
21491706	78961-0	IgG clearance/Albumin clearance [Ratio] in Urine and Serum or Plasma	Lab Test	Measurement	LOINC	Valid	Standard
21492770	79406-5	IgM clearance/Albumin clearance [Ratio] in Serum and CSF	Lab Test	Measurement	LOINC	Valid	Standard
21494261	81788-2	Hazelnut recombinant (rCor a) 14 IgE Ab [Units/volume] in Serum	Lab Test	Measurement	LOINC	Valid	Standard
21494263	81790-8	English walnut recombinant (rJug r) 1 IgE Ab [Units/volume] in Serum	Lab Test	Measurement	LOINC	Valid	Standard
21494780	81984-7	Brazil Nut recombinant (rBer e) 1 IgE Ab RAST class [Presence] in Serum	Lab Test	Measurement	LOINC	Valid	Standard
36031496	96085-6	HEDIS MY 2020 Value Set - Urine Albumin Creatinine Ratio Lab Test	Lab Test	Measurement	LOINC	Valid	Standard
36031983	96084-9	HEDIS MY 2020 Value Set - Quantitative Urine Albumin Lab Test	Lab Test	Measurement	LOINC	Valid	Standard
36033329	LP420899-9	HEDIS MY 2020 Value Set - Quantitative Urine Albumin Lab Test | Patient | HEDIS panels	LOINC Hierarchy	Measurement	LOINC	Valid	Classification
36033631	LP420900-5	HEDIS MY 2020 Value Set - Urine Albumin Creatinine Ratio Lab Test | Patient | HEDIS panels	LOINC Hierarchy	Measurement	LOINC	Valid	Classification
36303887	88936-0	Guidance for injection of Hepatic artery-- W Tc-99m MAA IA	Clinical Observation	Measurement	LOINC	Valid	Standard
36304089	88944-4	NM Lung and Liver Views for AV shunt W Tc-99m MAA+W intraarterial hepatic injection	Clinical Observation	Measurement	LOINC	Valid	Standard
36304850	89044-2	Basic metabolic and albumin panel - Serum or Plasma	Lab Test	Measurement	LOINC	Valid	Standard
36304864	88709-1	Albumin/Globulin [Mass Ratio] in Body fluid by Electrophoresis	Lab Test	Measurement	LOINC	Valid	Standard
36305571	86921-4	Albumin goal [Mass/volume] Serum or Plasma	Clinical Observation	Measurement	LOINC	Valid	Standard
36660325	95233-3	Microalbumin/Creatinine [Presence] in Urine by Test strip	Lab Test	Measurement	LOINC	Valid	Standard
36660607	95232-5	Microalbumin [Presence] in Urine by Test strip	Lab Test	Measurement	LOINC	Valid	Standard
36660977	LP418437-2	Albumin | Urine | Chemistry - challenge	LOINC Hierarchy	Measurement	LOINC	Valid	Classification
36662598	LG51020-2	Albumin/Creatinine|PrThr|Pt|ANYUrine	LOINC Group	Measurement	LOINC	Valid	Classification
37022025	LP384517-1	Albumin/Protein.total | Cerebral spinal fluid | Chemistry - non-challenge	LOINC Hierarchy	Measurement	LOINC	Valid	Classification
37023129	LP386816-5	Basic metabolic and albumin panel | Serum or Plasma | Chemistry Panels	LOINC Hierarchy	Measurement	LOINC	Valid	Classification
37024811	LP384872-0	IgM clearance/Albumin clearance | Serum and CSF | Chemistry - non-challenge	LOINC Hierarchy	Measurement	LOINC	Valid	Classification
37026256	LP399165-2	Transfuse albumin | Patient | Blood bank	LOINC Hierarchy	Measurement	LOINC	Valid	Classification
37026974	LP384855-5	IgG/Albumin | Serum | Chemistry - non-challenge	LOINC Hierarchy	Measurement	LOINC	Valid	Classification
37028753	LP399163-7	Albumin concentration given | Patient | Blood bank	LOINC Hierarchy	Measurement	LOINC	Valid	Classification
37031164	LP394496-6	Bovine serum albumin (BSA) IgE | Serum | Allergy	LOINC Hierarchy	Measurement	LOINC	Valid	Classification
37031498	LP384490-1	Albumin | XXX | Chemistry - non-challenge	LOINC Hierarchy	Measurement	LOINC	Valid	Classification
37033544	LP384479-4	Albumin | Dialysis fluid peritoneal | Chemistry - non-challenge	LOINC Hierarchy	Measurement	LOINC	Valid	Classification
37034629	LP385987-5	Calcium/Albumin | Serum or Plasma | Chemistry - non-challenge	LOINC Hierarchy	Measurement	LOINC	Valid	Classification
37035876	LP394583-1	Horse serum albumin native (nEqu c) 3 IgE | Serum | Allergy	LOINC Hierarchy	Measurement	LOINC	Valid	Classification
37036674	LP394784-5	Swine serum albumin Ab.IgE.RAST class | Serum | Allergy	LOINC Hierarchy	Measurement	LOINC	Valid	Classification
37036806	LP384476-0	Albumin | Blood | Chemistry - non-challenge	LOINC Hierarchy	Measurement	LOINC	Valid	Classification
37036943	LP384521-3	Albumin/Protein.total | Urine | Chemistry - non-challenge	LOINC Hierarchy	Measurement	LOINC	Valid	Classification
37037187	LP387164-9	Albumin | Serum or Plasma | Chemistry - challenge	LOINC Hierarchy	Measurement	LOINC	Valid	Classification
37037336	LP384488-5	Albumin | Synovial fluid | Chemistry - non-challenge	LOINC Hierarchy	Measurement	LOINC	Valid	Classification
37037711	LP384519-7	Albumin/Protein.total | Serum or Plasma | Chemistry - non-challenge	LOINC Hierarchy	Measurement	LOINC	Valid	Classification
37040063	LP384505-6	Albumin/Creatinine | Urine | Chemistry - non-challenge	LOINC Hierarchy	Measurement	LOINC	Valid	Classification
37040754	LP384520-5	Albumin/Protein.total | Synovial fluid | Chemistry - non-challenge	LOINC Hierarchy	Measurement	LOINC	Valid	Classification
37042211	LP384504-9	Albumin/Creatinine | Cerebral spinal fluid | Chemistry - non-challenge	LOINC Hierarchy	Measurement	LOINC	Valid	Classification
37044402	LP394783-7	Swine serum albumin IgE | Serum | Allergy	LOINC Hierarchy	Measurement	LOINC	Valid	Classification
37045307	LP384512-2	Albumin/Globulin | Serum | Chemistry - non-challenge	LOINC Hierarchy	Measurement	LOINC	Valid	Classification
37046411	LP384509-8	Albumin/Globulin | Peritoneal fluid | Chemistry - non-challenge	LOINC Hierarchy	Measurement	LOINC	Valid	Classification
37047958	LP384518-9	Albumin/Protein.total | Dialysis fluid | Chemistry - non-challenge	LOINC Hierarchy	Measurement	LOINC	Valid	Classification
37048263	LP384888-6	Immunoglobulin light chains.kappa.free/Albumin | Serum and CSF | Chemistry - non-challenge	LOINC Hierarchy	Measurement	LOINC	Valid	Classification
37048896	LP384485-1	Albumin | Serum or Plasma | Chemistry - non-challenge	LOINC Hierarchy	Measurement	LOINC	Valid	Classification
37050350	LP384491-9	Albumin | Fetus | Serum or Plasma | Chemistry - non-challenge	LOINC Hierarchy	Measurement	LOINC	Valid	Classification
37050886	LP394537-7	Dog serum albumin Ab.IgE.RAST class | Serum | Allergy	LOINC Hierarchy	Measurement	LOINC	Valid	Classification
37051495	LP384481-0	Albumin | Peritoneal fluid | Chemistry - non-challenge	LOINC Hierarchy	Measurement	LOINC	Valid	Classification
37051515	LP399164-5	Albumin given | Patient | Blood bank	LOINC Hierarchy	Measurement	LOINC	Valid	Classification
37052724	LP385343-1	Albumin renal clearance | Urine and Serum or Plasma | Chemistry - non-challenge	LOINC Hierarchy	Measurement	LOINC	Valid	Classification
37054145	LP384478-6	Albumin | Cerebral spinal fluid | Chemistry - non-challenge	LOINC Hierarchy	Measurement	LOINC	Valid	Classification
37055681	LP384475-2	Albumin | Amniotic fluid | Chemistry - non-challenge	LOINC Hierarchy	Measurement	LOINC	Valid	Classification
37056541	LP384483-6	Albumin | Semen | Chemistry - non-challenge	LOINC Hierarchy	Measurement	LOINC	Valid	Classification
37058540	LP384503-1	Albumin ug/min | Urine | Chemistry - non-challenge	LOINC Hierarchy	Measurement	LOINC	Valid	Classification
37058562	LP384508-0	Albumin/Globulin | Cerebral spinal fluid | Chemistry - non-challenge	LOINC Hierarchy	Measurement	LOINC	Valid	Classification
37058684	LP384489-3	Albumin | Urine | Chemistry - non-challenge	LOINC Hierarchy	Measurement	LOINC	Valid	Classification
37059468	LP384487-7	Albumin | Stool | Chemistry - non-challenge	LOINC Hierarchy	Measurement	LOINC	Valid	Classification
37059501	LP381514-1	Thyroxine.albumin bound/Albumin | Serum or Plasma | Chemistry - non-challenge	LOINC Hierarchy	Measurement	LOINC	Valid	Classification
37061383	LP384513-0	Albumin/Globulin | Serum or Plasma | Chemistry - non-challenge	LOINC Hierarchy	Measurement	LOINC	Valid	Classification
37062143	LP394475-0	Cat serum albumin Ab.IgE.RAST class | Serum | Allergy	LOINC Hierarchy	Measurement	LOINC	Valid	Classification
37062967	LP384480-2	Albumin | Pericardial fluid | Chemistry - non-challenge	LOINC Hierarchy	Measurement	LOINC	Valid	Classification
37063088	LP384507-2	Albumin/Globulin | Body fluid | Chemistry - non-challenge	LOINC Hierarchy	Measurement	LOINC	Valid	Classification
37063236	LP384510-6	Albumin/Globulin | Pleural fluid | Chemistry - non-challenge	LOINC Hierarchy	Measurement	LOINC	Valid	Classification
37063387	LP384484-4	Albumin | Serum | Chemistry - non-challenge	LOINC Hierarchy	Measurement	LOINC	Valid	Classification
37063736	LP384492-7	Albumin | Fetus | Chemistry - non-challenge	LOINC Hierarchy	Measurement	LOINC	Valid	Classification
37063884	LP384851-4	IgG clearance/Albumin clearance | Urine and Serum or Plasma | Chemistry - non-challenge	LOINC Hierarchy	Measurement	LOINC	Valid	Classification
37063941	LP394474-3	Cat serum albumin IgE | Serum | Allergy	LOINC Hierarchy	Measurement	LOINC	Valid	Classification
37064108	LP384524-7	Albumin in serum - albumin in peritoneal fluid | Peritoneal fluid and serum or plasma | Chemistry - non-challenge	LOINC Hierarchy	Measurement	LOINC	Valid	Classification
37064385	LP384506-4	Albumin/Globulin | Amniotic fluid | Chemistry - non-challenge	LOINC Hierarchy	Measurement	LOINC	Valid	Classification
37064631	LP384515-5	Albumin/Globulin | Urine | Chemistry - non-challenge	LOINC Hierarchy	Measurement	LOINC	Valid	Classification
37066085	LP384525-4	Albumin in serum - albumin in pleural fluid | Serum or Plasma and Pleural fluid | Chemistry - non-challenge	LOINC Hierarchy	Measurement	LOINC	Valid	Classification
37066443	LP394536-9	Dog serum albumin IgE | Serum | Allergy	LOINC Hierarchy	Measurement	LOINC	Valid	Classification
37071020	LP384516-3	Albumin/Protein.total | Body fluid | Chemistry - non-challenge	LOINC Hierarchy	Measurement	LOINC	Valid	Classification
37071032	LP394588-0	Human serum albumin leukotriene release | White blood cells | Allergy	LOINC Hierarchy	Measurement	LOINC	Valid	Classification
37071774	LP384511-4	Albumin/Globulin | Semen | Chemistry - non-challenge	LOINC Hierarchy	Measurement	LOINC	Valid	Classification
37072845	LP384522-1	Albumin and Immunoglobulin Quotient | Serum and CSF | Chemistry - non-challenge	LOINC Hierarchy	Measurement	LOINC	Valid	Classification
37072849	LP384493-5	Albumin | Fetus | Urine | Chemistry - non-challenge	LOINC Hierarchy	Measurement	LOINC	Valid	Classification
37073164	LP386834-8	Bilirubin excess and oxyhemoglobin and methemoglobin and xanthochromia and albumin quotient panel | Serum and CSF | Chemistry Panels	LOINC Hierarchy	Measurement	LOINC	Valid	Classification
37073171	LP394498-2	Bovine serum albumin leukotriene release | White blood cells | Allergy	LOINC Hierarchy	Measurement	LOINC	Valid	Classification
37074028	LP384477-8	Albumin | Body fluid | Chemistry - non-challenge	LOINC Hierarchy	Measurement	LOINC	Valid	Classification
37074063	LP382381-4	Surfactant/Albumin | Amniotic fluid | Chemistry - non-challenge	LOINC Hierarchy	Measurement	LOINC	Valid	Classification
37074118	LP384850-6	IgG clearance/Albumin clearance | Serum and CSF | Chemistry - non-challenge	LOINC Hierarchy	Measurement	LOINC	Valid	Classification
"37074175	LP384486-9	Albumin | Serum, Plasma or Blood | Chemistry - non-challenge	LOINC Hierarchy	Measurement	LOINC	Valid	Classification"
37074593	LP384514-8	Albumin/Globulin | Synovial fluid | Chemistry - non-challenge	LOINC Hierarchy	Measurement	LOINC	Valid	Classification
37074881	LP384854-8	IgG/Albumin | Cerebral spinal fluid | Chemistry - non-challenge	LOINC Hierarchy	Measurement	LOINC	Valid	Classification
37075751	LP384523-9	Albumin in serum - albumin in pericardial fluid | Pericardial fluid and serum or plasma | Chemistry - non-challenge	LOINC Hierarchy	Measurement	LOINC	Valid	Classification
37075758	LP382370-7	Phosphatidylcholine/Albumin | Amniotic fluid | Chemistry - non-challenge	LOINC Hierarchy	Measurement	LOINC	Valid	Classification
37078340	LP394497-4	Bovine serum albumin Ab.IgE.RAST class | Serum | Allergy	LOINC Hierarchy	Measurement	LOINC	Valid	Classification
37078495	LP394810-8	Chicken CSA (livetin) serum albumin native (nGal d) 5 IgE | Serum | Allergy	LOINC Hierarchy	Measurement	LOINC	Valid	Classification
37078633	LP384482-8	Albumin | Pleural fluid | Chemistry - non-challenge	LOINC Hierarchy	Measurement	LOINC	Valid	Classification
40652526	LG11837-8	Albumin/Creatinine|Ratio|Pt|ANYUrine	LOINC Group	Measurement	LOINC	Valid	Classification
40652527	LG17510-5	Albumin/Globulin|MRto|24H|ANYUrine	LOINC Group	Measurement	LOINC	Valid	Classification
40652528	LG5164-1	Albumin/Globulin|MRto|Pt|ANYBldSerPl	LOINC Group	Measurement	LOINC	Valid	Classification
40652529	LG17509-7	Albumin/Globulin|MRto|Pt|ANYUrine	LOINC Group	Measurement	LOINC	Valid	Classification
40652530	LG650-8	Albumin/Globulin|MRto|Pt|Body fld	LOINC Group	Measurement	LOINC	Valid	Classification
40652531	LG2364-0	Albumin/Globulin|MRto|Pt|CSF	LOINC Group	Measurement	LOINC	Valid	Classification
40652532	LG1963-0	Albumin/Protein.total|MFr|Pt|ANYBldSerPl	LOINC Group	Measurement	LOINC	Valid	Classification
40655885	LG34557-5	Albumin/Creatinine|MRto|Urine	LOINC Group	Measurement	LOINC	Valid	Classification
40655886	LG35830-5	Albumin/Creatinine|Ratio|Urine	LOINC Group	Measurement	LOINC	Valid	Classification
40655887	LG36322-2	Albumin/Globulin|MRto|Urine	LOINC Group	Measurement	LOINC	Valid	Classification
40655888	LG37183-7	Albumin/Protein.total|MFr.DF|Urine	LOINC Group	Measurement	LOINC	Valid	Classification
40655889	LG34719-1	Albumin/Protein.total|MFr|Urine	LOINC Group	Measurement	LOINC	Valid	Classification
40757477	54346-2	Albumin [Mass/volume] in Stool	Lab Test	Measurement	LOINC	Valid	Standard
40757478	54347-0	Albumin [Moles/volume] in Serum or Plasma	Lab Test	Measurement	LOINC	Valid	Standard
40757595	54464-3	Albumin/Protein.total in Dialysis fluid by Electrophoresis	Lab Test	Measurement	LOINC	Valid	Standard
40759274	56153-0	Albumin in serum/Albumin in Peritoneal fluid	Lab Test	Measurement	LOINC	Invalid	Non-standard
40759673	56553-1	Microalbumin [Mass/time] in 8 hour Urine	Lab Test	Measurement	LOINC	Valid	Standard
40760483	57369-1	Microalbumin [Mass/volume] in 12 hour Urine	Lab Test	Measurement	LOINC	Valid	Standard
40761549	58448-2	Microalbumin ug/min [Mass/time] in 24 hour Urine	Lab Test	Measurement	LOINC	Valid	Standard
40762252	59159-4	Microalbumin/Creatinine [Ratio] in 24 hour Urine	Lab Test	Measurement	LOINC	Valid	Standard
40763912	61151-7	Albumin [Mass/volume] in Serum or Plasma by Bromocresol green (BCG) dye binding method	Lab Test	Measurement	LOINC	Valid	Standard
40763913	61152-5	Albumin [Mass/volume] in Serum or Plasma by Bromocresol purple (BCP) dye binding method	Lab Test	Measurement	LOINC	Valid	Standard
40763956	61195-4	Albumin [Mass/volume] in Serum or Plasma from Fetus	Lab Test	Measurement	LOINC	Valid	Standard
40763957	61196-2	Albumin [Mass/volume] in Urine from Fetus	Lab Test	Measurement	LOINC	Valid	Standard
40764995	62234-0	Albumin [Moles/volume] in Serum or Plasma by Bromocresol purple (BCP) dye binding method	Lab Test	Measurement	LOINC	Valid	Standard
40764996	62235-7	Albumin [Moles/volume] in Serum or Plasma by Bromocresol green (BCG) dye binding method	Lab Test	Measurement	LOINC	Valid	Standard
40766204	63474-1	Microalbumin [Mass/time] in 18 hour Urine	Lab Test	Measurement	LOINC	Valid	Standard
40766275	63549-0	Albumin in serum - albumin in peritoneal fluid [Mass concentration difference]	Lab Test	Measurement	LOINC	Valid	Standard
40767663	64963-2	Brazil Nut recombinant (rBer e) 1 IgE Ab [Units/volume] in Serum	Lab Test	Measurement	LOINC	Valid	Standard
40768057	65361-8	Phenytoin [Moles/volume] corrected for albumin in Serum or Plasma	Lab Test	Measurement	LOINC	Valid	Standard
40768058	65362-6	Magnesium [Moles/volume] corrected for albumin in Serum or Plasma	Lab Test	Measurement	LOINC	Valid	Standard
40768473	65785-8	Chicken CSA serum albumin native (nGal d) 5 IgE Ab [Units/volume] in Serum	Lab Test	Measurement	LOINC	Valid	Standard
40768476	65788-2	Horse serum albumin native (nEqu c) 3 IgE Ab [Units/volume] in Serum	Lab Test	Measurement	LOINC	Valid	Standard
40769423	66765-9	Albumin in pericardial fld/Albumin in Serum or Plasma	Lab Test	Measurement	LOINC	Valid	Standard
40769424	66766-7	Albumin in peritoneal fluid/Albumin in Serum or Plasma	Lab Test	Measurement	LOINC	Valid	Standard
40771471	68930-7	Albumin/Globulin [Mass Ratio] in Cerebral spinal fluid by Electrophoresis	Lab Test	Measurement	LOINC	Valid	Standard
40773229	LP41466-1	Albumin | Urine	LOINC Hierarchy	Measurement	LOINC	Invalid	Non-standard
40773417	LP43362-0	Albumin | Peritoneal fluid	LOINC Hierarchy	Measurement	LOINC	Invalid	Non-standard
40774108	LP49993-6	Albumin | XXX	LOINC Hierarchy	Measurement	LOINC	Invalid	Non-standard
40777630	LP51989-9	Albumin | Dialysis fluid peritoneal	LOINC Hierarchy	Measurement	LOINC	Invalid	Non-standard
40778102	LP64263-4	Albumin | Semen	LOINC Hierarchy	Measurement	LOINC	Invalid	Non-standard
40778807	LP102469-6	Albumin | fetus | Urine	LOINC Hierarchy	Measurement	LOINC	Invalid	Non-standard
40779035	LP132611-7	Albumin and Immunoglobulin Quotient | Bld-Ser-Plas	LOINC Hierarchy	Measurement	LOINC	Invalid	Non-standard
40780092	LP43038-6	Albumin | Bld-Ser-Plas	LOINC Hierarchy	Measurement	LOINC	Invalid	Non-standard
40780134	LP43363-8	Albumin | Synovial fluid	LOINC Hierarchy	Measurement	LOINC	Invalid	Non-standard
40781387	LP62347-7	Human serum albumin | White blood cells	LOINC Hierarchy	Measurement	LOINC	Invalid	Non-standard
40782199	LP104917-2	Bovine serum albumin (BSA) | Bld-Ser-Plas	LOINC Hierarchy	Measurement	LOINC	Invalid	Non-standard
40783730	LP46234-8	Dog serum albumin | Bld-Ser-Plas	LOINC Hierarchy	Measurement	LOINC	Invalid	Non-standard
40785508	LP102468-8	Albumin | fetus	LOINC Hierarchy	Measurement	LOINC	Invalid	Non-standard
40786515	LP40677-4	Albumin concentration | patient	LOINC Hierarchy	Measurement	LOINC	Invalid	Non-standard
40787075	LP46251-2	Swine serum albumin | Bld-Ser-Plas	LOINC Hierarchy	Measurement	LOINC	Invalid	Non-standard
40788899	LP121157-4	Chicken CSA (livetin) serum albumin native (nGal d) 5 | Bld-Ser-Plas	LOINC Hierarchy	Measurement	LOINC	Invalid	Non-standard
40790309	LP46230-6	Cat serum albumin | Bld-Ser-Plas	LOINC Hierarchy	Measurement	LOINC	Invalid	Non-standard
40792076	LP102467-0	Albumin | fetus | Bld-Ser-Plas	LOINC Hierarchy	Measurement	LOINC	Invalid	Non-standard
40792082	LP104918-0	Bovine serum albumin (BSA) | White blood cells	LOINC Hierarchy	Measurement	LOINC	Invalid	Non-standard
40793023	LP40722-8	Transfuse albumin | patient	LOINC Hierarchy	Measurement	LOINC	Invalid	Non-standard
40794750	LP66629-4	Albumin | Pericardial fluid	LOINC Hierarchy	Measurement	LOINC	Invalid	Non-standard
40795036	LP89452-4	Albumin | Stool	LOINC Hierarchy	Measurement	LOINC	Invalid	Non-standard
40795458	LP121160-8	Horse serum albumin native (nEqu c) 3 | Bld-Ser-Plas	LOINC Hierarchy	Measurement	LOINC	Invalid	Non-standard
40795606	LP132597-8	Albumin | Urine and Serum or Plasma	LOINC Hierarchy	Measurement	LOINC	Invalid	Non-standard
40796413	LP41701-1	Albumin | Body Fluid	LOINC Hierarchy	Measurement	LOINC	Invalid	Non-standard
40796548	LP43032-9	Albumin | Cerebral spinal fluid	LOINC Hierarchy	Measurement	LOINC	Invalid	Non-standard
40796584	LP43360-4	Albumin | Amniotic Fluid	LOINC Hierarchy	Measurement	LOINC	Invalid	Non-standard
40796585	LP43361-2	Albumin | Pleural fluid	LOINC Hierarchy	Measurement	LOINC	Invalid	Non-standard
40798339	LP89661-0	Albumin | Dialysis fluid	LOINC Hierarchy	Measurement	LOINC	Invalid	Non-standard
42528717	82539-8	Cashew nut recombinant (rAna o) 3 IgE Ab [Units/volume] in Serum	Lab Test	Measurement	LOINC	Valid	Standard
42528718	82540-6	Cashew nut recombinant (rAna o) 3 IgE Ab RAST class [Presence] in Serum	Lab Test	Measurement	LOINC	Valid	Standard
42528724	82546-3	English walnut recombinant (rJug r) 1 IgE Ab RAST class [Presence] in Serum	Lab Test	Measurement	LOINC	Valid	Standard
42528747	82569-5	Hazelnut recombinant (rCor a) 14 IgE Ab RAST class [Presence] in Serum	Lab Test	Measurement	LOINC	Valid	Standard
43055229	72264-5	Bilirubin excess and oxyhemoglobin and methemoglobin and xanthochromia and albumin quotient panel - Serum and CSF	Lab Test	Measurement	LOINC	Valid	Standard
43055412	72578-8	Prealbumin/Protein.total [Pure mass fraction] in Urine by Electrophoresis	Lab Test	Measurement	LOINC	Valid	Standard
43055413	72579-6	Prealbumin/Protein.total [Pure mass fraction] in Cerebral spinal fluid by Electrophoresis	Lab Test	Measurement	LOINC	Valid	Standard
43055430	72596-0	Albumin/Protein.total [Pure mass fraction] in 24 hour Urine by Electrophoresis	Lab Test	Measurement	LOINC	Valid	Standard
43055431	72597-8	Albumin/Protein.total [Pure mass fraction] in Urine by Electrophoresis	Lab Test	Measurement	LOINC	Valid	Standard
43055432	72598-6	Albumin/Protein.total [Pure mass fraction] in Serum or Plasma by Electrophoresis	Lab Test	Measurement	LOINC	Valid	Standard
43055433	72599-4	Albumin/Protein.total [Pure mass fraction] in Cerebral spinal fluid by Electrophoresis	Lab Test	Measurement	LOINC	Valid	Standard
43055434	72600-0	Albumin/Protein.total [Pure mass fraction] in Body fluid by Electrophoresis	Lab Test	Measurement	LOINC	Valid	Standard
43055480	72646-3	Albumin in serum - albumin in pericardial fluid [Mass concentration difference]	Lab Test	Measurement	LOINC	Valid	Standard
43055481	72647-1	Albumin in serum - albumin in pleural fluid [Mass concentration difference]	Lab Test	Measurement	LOINC	Valid	Standard
43055811	LP157561-4	Albumin in serum - albumin in peritoneal fluid | Peritoneal fluid and serum or plasma	LOINC Hierarchy	Measurement	LOINC	Invalid	Non-standard
43055979	LP163901-4	Albumin in serum - albumin in pericardial fluid | Pericardial fluid and serum or plasma	LOINC Hierarchy	Measurement	LOINC	Invalid	Non-standard
43055980	LP163902-2	Albumin in serum - albumin in pleural fluid | Bld-Ser-Plas	LOINC Hierarchy	Measurement	LOINC	Invalid	Non-standard
46234765	76480-3	Albumin [Moles/volume] in Cerebral spinal fluid	Lab Test	Measurement	LOINC	Valid	Standard
46235170	76631-1	Albumin [Mass/volume] in Blood by Bromocresol purple (BCP) dye binding method	Lab Test	Measurement	LOINC	Valid	Standard
46235434	77253-3	Microalbumin/Creatinine [Ratio] in Urine by Detection limit <= 1.0 mg/L	Lab Test	Measurement	LOINC	Valid	Standard
46235435	77254-1	Microalbumin/Creatinine [Ratio] in 24 hour Urine by Detection limit <= 1.0 mg/L	Lab Test	Measurement	LOINC	Valid	Standard
46235897	76401-9	Albumin/Creatinine [Ratio] in 24 hour Urine	Lab Test	Measurement	LOINC	Valid	Standard
46236875	77940-5	Albumin [Mass/volume] by Electrophoresis in Urine collected for unspecified duration	Lab Test	Measurement	LOINC	Valid	Standard
"46236953	77148-5	Albumin [Mass/volume] in Serum, Plasma or Blood by Bromocresol purple (BCP) dye binding method	Lab Test	Measurement	LOINC	Valid	Standard"
46236963	77158-4	Albumin [Moles/volume] in Urine by Detection limit <= 3.0 mg/L	Lab Test	Measurement	LOINC	Valid	Standard
46237024	77192-3	Prealbumin [Moles/volume] in Serum or Plasma	Lab Test	Measurement	LOINC	Valid	Standard
4013222	165890003	Albumin autoantibody measurement	Procedure	Measurement	SNOMED	Valid	Standard
"4014907	104554001	Bilirubin, albumin bound measurement	Procedure	Measurement	SNOMED	Valid	Standard"
"4017497	104485008	Albumin measurement, serum	Procedure	Measurement	SNOMED	Valid	Standard"
"4017498	104486009	Albumin measurement, urine, quantitative	Procedure	Measurement	SNOMED	Valid	Standard"
4018162	104483001	CSF albumin/plasma albumin ratio measurement	Procedure	Measurement	SNOMED	Valid	Standard
4018163	104484007	Albumin renal clearance measurement	Procedure	Measurement	SNOMED	Valid	Standard
4018320	104707002	Glycated albumin measurement	Procedure	Measurement	SNOMED	Valid	Standard
4019284	115467002	Measurement of ratio of analyte to albumin	Procedure	Measurement	SNOMED	Valid	Standard
4027681	1324000	Cerebrospinal fluid IgG ratio and IgG index	Procedure	Measurement	SNOMED	Valid	Standard
"4045585	13072001	Antibody identification, RBC, albumin	Procedure	Measurement	SNOMED	Valid	Standard"
4055661	166804009	Electrophoresis: albumin	Procedure	Measurement	SNOMED	Valid	Standard
4097664	26758005	Albumin measurement	Procedure	Measurement	SNOMED	Valid	Standard
4108431	250745003	Albumin/creatinine ratio measurement	Procedure	Measurement	SNOMED	Valid	Standard
4143288	308111008	Albumin excretion rate measurement	Procedure	Measurement	SNOMED	Valid	Standard
4152686	269927000	Fluid sample albumin measurement	Procedure	Measurement	SNOMED	Valid	Standard
4152996	271000000	Urine albumin measurement	Procedure	Measurement	SNOMED	Valid	Standard
4154347	271075006	Urine albumin/creatinine ratio measurement	Procedure	Measurement	SNOMED	Valid	Standard
4190820	390844002	Overnight albumin excretion rate	Procedure	Measurement	SNOMED	Valid	Standard
4190896	390955003	Plasma albumin level	Procedure	Measurement	SNOMED	Valid	Standard
4193719	313502007	24 hour urine albumin output measurement	Procedure	Measurement	SNOMED	Valid	Standard
4197856	313773000	Cerebrospinal fluid albumin measurement	Procedure	Measurement	SNOMED	Valid	Standard
"4205850	53531008	Antibody identification, RBC, albumin and AHG	Procedure	Measurement	SNOMED	Valid	Standard"
4214236	392398003	Bovine serum albumin RAST	Procedure	Measurement	SNOMED	Valid	Standard
4214243	392414004	Dog serum albumin RAST	Procedure	Measurement	SNOMED	Valid	Standard
4267150	61943006	RBC antibody detection with albumin	Procedure	Measurement	SNOMED	Valid	Standard
4288601	687005	Albumin/Globulin ratio	Procedure	Measurement	SNOMED	Valid	Standard
4311194	392403002	Cat serum albumin RAST	Procedure	Measurement	SNOMED	Valid	Standard
4311207	392452003	Swine serum albumin RAST	Procedure	Measurement	SNOMED	Valid	Standard
4353607	250746002	Albumin/immunoglobulin G ratio measurement	Procedure	Measurement	SNOMED	Valid	Standard
37208491	1105861000000106	Albumin mass concentration in serum	Observable Entity	Measurement	SNOMED	Valid	Standard
37208508	1106031000000104	Albumin mass concentration in plasma	Observable Entity	Measurement	SNOMED	Valid	Standard
37208521	1106241000000104	Albumin mass concentration in plasma by BCG (bromocresol green) dye binding method	Observable Entity	Measurement	SNOMED	Valid	Standard
37208522	1106251000000101	Albumin mass concentration in plasma by BCP (bromocresol purple) dye binding method	Observable Entity	Measurement	SNOMED	Valid	Standard
37208532	1106351000000109	Albumin mass concentration in serum by BCG (bromocresol green) dye binding method	Observable Entity	Measurement	SNOMED	Valid	Standard
37208533	1106361000000107	Albumin mass concentration in serum by BCP (bromocresol purple) dye binding method	Observable Entity	Measurement	SNOMED	Valid	Standard
37208620	1107241000000102	Calcium substance concentration in plasma adjusted for albumin	Observable Entity	Measurement	SNOMED	Valid	Standard
37208621	1107251000000104	Calcium substance concentration in serum adjusted for albumin	Observable Entity	Measurement	SNOMED	Valid	Standard
37208748	1108561000000104	Magnesium substance concentration in plasma adjusted for albumin	Observable Entity	Measurement	SNOMED	Valid	Standard
37208749	1108571000000106	Magnesium substance concentration in serum adjusted for albumin	Observable Entity	Measurement	SNOMED	Valid	Standard
37392183	1000821000000103	Serum albumin level	Observable Entity	Measurement	SNOMED	Valid	Standard
37392194	1000941000000101	Albumin excretion rate	Observable Entity	Measurement	SNOMED	Valid	Standard
37392347	1002901000000100	Overnight albumin excretion rate	Observable Entity	Measurement	SNOMED	Valid	Standard
37392374	1003301000000109	Urine albumin level	Observable Entity	Measurement	SNOMED	Valid	Standard
37393120	1012891000000103	CSF (cerebrospinal fluid) IgG/albumin ratio	Observable Entity	Measurement	SNOMED	Valid	Standard
37393156	1013361000000105	Plasma albumin level	Observable Entity	Measurement	SNOMED	Valid	Standard
37393656	1019891000000109	24 hour urine albumin output	Observable Entity	Measurement	SNOMED	Valid	Standard
37393926	1023491000000104	Urine albumin:creatinine ratio	Observable Entity	Measurement	SNOMED	Valid	Standard
37394119	1026791000000100	Electrophoresis: albumin	Observable Entity	Measurement	SNOMED	Valid	Standard
37397827	992251000000102	CSF (cerebrospinal fluid) albumin level	Observable Entity	Measurement	SNOMED	Valid	Standard
37397934	993661000000108	Fluid sample albumin	Observable Entity	Measurement	SNOMED	Valid	Standard
37398088	995681000000103	Albumin autoantibody level	Observable Entity	Measurement	SNOMED	Valid	Standard
37398781	1028271000000109	Albumin/creatinine ratio	Observable Entity	Measurement	SNOMED	Valid	Standard
40303488	143278002	Albumin autoantibody level	Procedure	Measurement	SNOMED	Invalid	Non-standard
40307216	144010004	Albumin excretion rate	Procedure	Measurement	SNOMED	Invalid	Non-standard
40307218	144011000	Albumin/creatinine ratio	Procedure	Measurement	SNOMED	Invalid	Non-standard
40307274	144062002	Serum albumin (& level)	Procedure	Measurement	SNOMED	Invalid	Non-standard
40307293	144080006	Electrophoresis: albumin	Procedure	Measurement	SNOMED	Invalid	Non-standard
40308848	144374009	CSF IgG/albumin ratio	Procedure	Measurement	SNOMED	Invalid	Non-standard
40310014	144678001	Urine albumin (& level)	Procedure	Measurement	SNOMED	Invalid	Non-standard
40310017	144680007	24 hour urine albumin output	Procedure	Measurement	SNOMED	Invalid	Non-standard
40311122	144963005	Cerebrospinal fluid albumin level	Procedure	Measurement	SNOMED	Invalid	Non-standard
40313234	145388000	Sample albumin &/or fluid	Clinical Finding	Measurement	SNOMED	Invalid	Non-standard
40328928	166720006	Albumin excretion rate	Procedure	Measurement	SNOMED	Invalid	Non-standard
40328930	166721005	Albumin/creatinine ratio	Procedure	Measurement	SNOMED	Invalid	Non-standard
40328997	166782000	Serum albumin (& level)	Procedure	Measurement	SNOMED	Invalid	Non-standard
40330698	167135009	CSF IgG/albumin ratio	Procedure	Measurement	SNOMED	Invalid	Non-standard
40339924	167453009	Urine albumin (& level)	Procedure	Measurement	SNOMED	Invalid	Non-standard
40339926	167455002	24 hour urine albumin output	Procedure	Measurement	SNOMED	Invalid	Non-standard
40340954	167736001	Cerebrospinal fluid albumin level	Procedure	Measurement	SNOMED	Invalid	Non-standard
40479187	441477004	Measurement of albumin in pleural fluid specimen	Procedure	Measurement	SNOMED	Valid	Standard
40481778	442039000	Serum ascites albumin gradient	Procedure	Measurement	SNOMED	Valid	Standard
40483245	443782001	Quantitative measurement of mass concentration of albumin in serum or plasma specimen using bromcresol green technique	Procedure	Measurement	SNOMED	Valid	Standard
40483626	442518003	Measurement of albumin in peritoneal fluid specimen	Procedure	Measurement	SNOMED	Valid	Standard
40558879	390323006	Overnight albumin excretion rate	Procedure	Measurement	SNOMED	Invalid	Non-standard
40558892	390335005	Plasma albumin level	Procedure	Measurement	SNOMED	Invalid	Non-standard
40563840	389591006	Overnight albumin excretion rate	Procedure	Measurement	SNOMED	Invalid	Non-standard
40563854	389603008	Plasma albumin level	Procedure	Measurement	SNOMED	Invalid	Non-standard
44805804	789371000000101	Ischaemia modified albumin measurement	Procedure	Measurement	SNOMED	Valid	Standard
44806561	792221000000104	Albumin output measurement	Procedure	Measurement	SNOMED	Valid	Standard
1008654	LP129552-8	Albumin in pericardial fld	LOINC Component	Observation	LOINC	Valid	Non-standard
1008655	LP129554-4	Albumin in peritoneal fluid	LOINC Component	Observation	LOINC	Valid	Non-standard
1010034	LP135593-4	Albumin lab method	LOINC Component	Observation	LOINC	Valid	Non-standard
1012026	LP157104-3	Albumin in CSF	LOINC Component	Observation	LOINC	Valid	Non-standard
1017431	LP264991-3	Albumin goal	LOINC Component	Observation	LOINC	Valid	Non-standard
1019933	LP29302-4	Albumin technique	LOINC Method	Observation	LOINC	Valid	Non-standard
1023098	LP307355-0	Calcium.ionized/Calcium.total^^corrected for albumin	LOINC Component	Observation	LOINC	Valid	Non-standard
1023100	LP307362-6	Calcium^^corrected for albumin	LOINC Component	Observation	LOINC	Valid	Non-standard
1023212	LP307512-6	Magnesium^^corrected for albumin	LOINC Component	Observation	LOINC	Valid	Non-standard
1023665	LP308006-8	Phenytoin^^corrected for albumin	LOINC Component	Observation	LOINC	Valid	Non-standard
1029769	LP69202-7	Retired	LOINC Component	Observation	LOINC	Invalid	Non-standard
1034467	LP95499-7	Albumin in serum	LOINC Component	Observation	LOINC	Valid	Non-standard
"1034883	LP98926-6	Toxemia including high blood pressure, albumin in urine and swelling of ankles during this pregnancy	LOINC Component	Observation	LOINC	Valid	Non-standard"
1034932	LP99330-0	Albumin ug	LOINC Component	Observation	LOINC	Valid	Non-standard
3010072	10385-3	Albumin concentration given	Clinical Observation	Observation	LOINC	Valid	Standard
36033913	LP420748-8	HEDIS MY 2020 Value Set - Quantitative Urine Albumin Lab Test	LOINC Component	Observation	LOINC	Valid	Non-standard
36034248	LP420749-6	HEDIS MY 2020 Value Set - Urine Albumin Creatinine Ratio Lab Test	LOINC Component	Observation	LOINC	Valid	Non-standard
37021594	LP148245-6	Horse serum albumin native (nEqu c) 3 IgE	LOINC Component	Observation	LOINC	Valid	Non-standard
37024605	LP307329-5	Albumin/Protein.total	LOINC Component	Observation	LOINC	Valid	Non-standard
37029308	LP157160-5	Albumin in serum - albumin in peritoneal fluid	LOINC Component	Observation	LOINC	Valid	Non-standard
37029329	LP147374-5	Bovine serum albumin (BSA) IgE	LOINC Component	Observation	LOINC	Valid	Non-standard
37033129	LP157158-9	Albumin in serum - albumin in pericardial fluid	LOINC Component	Observation	LOINC	Valid	Non-standard
37033349	LP148242-3	Chicken CSA (livetin) serum albumin native (nGal d) 5 IgE	LOINC Component	Observation	LOINC	Valid	Non-standard
37033999	LP62267-7	Human serum albumin	LOINC Component	Observation	LOINC	Valid	Non-standard
37034385	LP157159-7	Albumin in serum - albumin in pleural fluid	LOINC Component	Observation	LOINC	Valid	Non-standard
37034893	LP228310-1	Dog serum albumin Ab.IgE.RAST class	LOINC Component	Observation	LOINC	Valid	Non-standard
37036016	LP307528-2	Phosphatidylcholine/Albumin	LOINC Component	Observation	LOINC	Valid	Non-standard
37036139	LP62862-5	Albumin and Immunoglobulin Quotient	LOINC Component	Observation	LOINC	Valid	Non-standard
37036680	LP121090-7	Chicken CSA (livetin) serum albumin native (nGal d) 5	LOINC Component	Observation	LOINC	Valid	Non-standard
37038933	LP228683-1	Human serum albumin leukotriene release	LOINC Component	Observation	LOINC	Valid	Non-standard
37038947	LP286259-9	IgM clearance/Albumin clearance	LOINC Component	Observation	LOINC	Valid	Non-standard
37039737	LP284902-6	Albumin/Creatinine	LOINC Component	Observation	LOINC	Valid	Non-standard
37039898	LP307480-6	IgG/Albumin	LOINC Component	Observation	LOINC	Valid	Non-standard
37042572	LP147612-8	Swine serum albumin IgE	LOINC Component	Observation	LOINC	Valid	Non-standard
37042785	LP227809-3	Bovine serum albumin Ab.IgE.RAST class	LOINC Component	Observation	LOINC	Valid	Non-standard
37044658	LP229714-3	Swine serum albumin Ab.IgE.RAST class	LOINC Component	Observation	LOINC	Valid	Non-standard
37047824	LP14477-1	Swine serum albumin	LOINC Component	Observation	LOINC	Valid	Non-standard
37048457	LP157149-8	Bilirubin excess and oxyhemoglobin and methemoglobin and xanthochromia and albumin quotient panel	LOINC Component	Observation	LOINC	Valid	Non-standard
37049764	LP227914-1	Cat serum albumin Ab.IgE.RAST class	LOINC Component	Observation	LOINC	Valid	Non-standard
37054174	LP14175-1	Cat serum albumin	LOINC Component	Observation	LOINC	Valid	Non-standard
37055777	LP307328-7	Albumin/Globulin	LOINC Component	Observation	LOINC	Valid	Non-standard
37055934	LP307357-6	Calcium/Albumin	LOINC Component	Observation	LOINC	Valid	Non-standard
37058936	LP14599-2	Transfuse albumin	LOINC Component	Observation	LOINC	Valid	Non-standard
37064954	LP147590-6	Cat serum albumin IgE	LOINC Component	Observation	LOINC	Valid	Non-standard
37068753	LP173998-8	Albumin renal clearance	LOINC Component	Observation	LOINC	Valid	Non-standard
37069389	LP173997-0	Albumin given	LOINC Component	Observation	LOINC	Valid	Non-standard
37069431	LP286254-0	IgG clearance/Albumin clearance	LOINC Component	Observation	LOINC	Valid	Non-standard
37069632	LP307568-8	Thyroxine.albumin bound/Albumin	LOINC Component	Observation	LOINC	Valid	Non-standard
37070148	LP14181-9	Dog serum albumin	LOINC Component	Observation	LOINC	Valid	Non-standard
37071386	LP265616-5	Basic metabolic and albumin panel	LOINC Component	Observation	LOINC	Valid	Non-standard
37072444	LP227572-7	Albumin concentration given	LOINC Component	Observation	LOINC	Valid	Non-standard
37072562	LP227810-1	Bovine serum albumin leukotriene release	LOINC Component	Observation	LOINC	Valid	Non-standard
37073215	LP99314-4	Albumin ug/min	LOINC Component	Observation	LOINC	Valid	Non-standard
37074106	LP286263-1	Immunoglobulin light chains.kappa.free/Albumin	LOINC Component	Observation	LOINC	Valid	Non-standard
37074212	LP147595-5	Dog serum albumin IgE	LOINC Component	Observation	LOINC	Valid	Non-standard
37077293	LP121093-1	Horse serum albumin native (nEqu c) 3	LOINC Component	Observation	LOINC	Valid	Non-standard
37077592	LP307565-4	Surfactant/Albumin	LOINC Component	Observation	LOINC	Valid	Non-standard
37078730	LP14579-4	Albumin concentration	LOINC Component	Observation	LOINC	Valid	Non-standard
"40761401	58300-5	Toxemia including high blood pressure, albumin in urine and swelling of ankles during this pregnancy	Clinical Observation	Observation	LOINC	Valid	Standard"
40771452	68900-0	Albumin lab method	Survey	Observation	LOINC	Valid	Standard
40772816	LP19341-4	Bovine serum albumin (BSA)	LOINC Component	Observation	LOINC	Valid	Non-standard
40791227	LP6118-6	Albumin	LOINC Component	Observation	LOINC	Valid	Non-standard
3553951	215111000000100	Diabetic monitoring - lower risk albumin excretion	Clinical Finding	Observation	SNOMED	Invalid	Non-standard
3553952	215121000000106	Diabetic monitoring - lower risk albumin excretion	Clinical Finding	Observation	SNOMED	Invalid	Non-standard
3553953	215131000000108	Diabetic monitoring - higher risk albumin excretion	Clinical Finding	Observation	SNOMED	Invalid	Non-standard
3553954	215141000000104	Diabetic monitoring - higher risk albumin excretion	Clinical Finding	Observation	SNOMED	Invalid	Non-standard
3579207	291421000000102	Extracorporeal albumin haemodialysis	Undefined	Observation	SNOMED	Invalid	Non-standard
3580703	419601000001109	Human albumin 5% infusion - product	Context-dependent	Observation	SNOMED	Invalid	Non-standard
3599996	2400401000001103	Iodinated[125I] human albumin 1.85MBq/mL injection BP - product	Context-dependent	Observation	SNOMED	Invalid	Non-standard
3599997	2400501000001104	Iodinated[125I] human albumin >148kBq/mL injection+syringe - product	Context-dependent	Observation	SNOMED	Invalid	Non-standard
3605326	2993701000001104	Human albumin 20% infusion - product	Context-dependent	Observation	SNOMED	Invalid	Non-standard
3605327	2993801000001108	Human albumin 4.5% infusion - product	Context-dependent	Observation	SNOMED	Invalid	Non-standard
4009413	102688002	Glycated albumin	Substance	Observation	SNOMED	Valid	Standard
4010179	102804000	Albumin renal clearance	Observable Entity	Observation	SNOMED	Valid	Standard
4019283	115466006	Glycosylated albumin	Substance	Observation	SNOMED	Valid	Standard
4022176	116866007	Albumin issued	Procedure	Observation	SNOMED	Valid	Standard
4050966	16011006	Technetium Tc^99m^ albumin colloid	Substance	Observation	SNOMED	Invalid	Non-standard
4132034	412140006	Cat serum albumin	Substance	Observation	SNOMED	Valid	Standard
4162164	293316007	Albumin solution adverse reaction	Clinical Finding	Observation	SNOMED	Valid	Standard
4170347	294854007	Allergy to albumin solution	Clinical Finding	Observation	SNOMED	Valid	Standard
4185839	55814006	Iodinated (131-I) aggregated albumin	Substance	Observation	SNOMED	Valid	Standard
4196210	79610008	Technetium (99m-Tc) albumin	Substance	Observation	SNOMED	Valid	Standard
4199139	52454007	Albumin	Substance	Observation	SNOMED	Valid	Standard
4207327	312310003	Albumin autoantibody	Substance	Observation	SNOMED	Valid	Standard
4210018	55494003	Technetium (99m-Tc) albumin microspheres	Substance	Observation	SNOMED	Valid	Standard
4213036	39200002	Iodinated (131-I) albumin	Substance	Observation	SNOMED	Valid	Standard
4218112	72015003	Iodinated (125-I) albumin	Substance	Observation	SNOMED	Valid	Standard
4259059	412137006	Animal serum albumin	Substance	Observation	SNOMED	Valid	Standard
4263443	4693006	Chromium (51-Cr) albumin	Substance	Observation	SNOMED	Valid	Standard
4273229	64488003	Iodinated (125-I) human serum albumin	Substance	Observation	SNOMED	Valid	Standard
4301971	388333004	Bovine serum albumin specific immunoglobulin E	Substance	Observation	SNOMED	Valid	Standard
4301973	388339000	Dog serum albumin specific immunoglobulin E	Substance	Observation	SNOMED	Valid	Standard
4304467	388334005	Cat serum albumin specific immunoglobulin E	Substance	Observation	SNOMED	Valid	Standard
4304471	388350002	Swine serum albumin specific immunoglobulin E	Substance	Observation	SNOMED	Valid	Standard
4305007	81761004	Technetium (99m-Tc) microaggregated albumin	Substance	Observation	SNOMED	Valid	Standard
4306032	387497000	Human serum albumin	Substance	Observation	SNOMED	Valid	Standard
4311800	85693008	Technetium (99m-Tc) aggregated albumin	Substance	Observation	SNOMED	Valid	Standard
35612326	12748001000001108	Technetium [Tc-99m] labelled albumin nanocolloid	Substance	Observation	SNOMED	Valid	Standard
35623017	765292007	Technetium (99m-Tc) human serum albumin	Substance	Observation	SNOMED	Valid	Standard
37311619	789261007	Albumin human	Substance	Observation	SNOMED	Valid	Standard
40488311	446534003	Technetium (99m-Tc) galactosyl human serum albumin diethylenetriamine pentaacetic acid	Substance	Observation	SNOMED	Valid	Standard
44789044	199491000000103	Diabetes monitoring higher risk albumin excretion	Clinical Finding	Observation	SNOMED	Valid	Standard
44790348	199481000000100	Diabetes monitoring lower risk albumin excretion	Clinical Finding	Observation	SNOMED	Valid	Standard
45765635	702619005	Technetium (99m-Tc) macroaggregated albumin	Substance	Observation	SNOMED	Valid	Standard
45769110	707690000	Corrected for albumin	Qualifier Value	Observation	SNOMED	Valid	Standard
45957063	4508911000001106	Albumin solution human	Substance	Observation	SNOMED	Valid	Standard
45957526	20177811000001104	Paclitaxel albumin	Substance	Observation	SNOMED	Valid	Standard
46272670	711075002	Dog serum albumin	Substance	Observation	SNOMED	Valid	Standard
46272680	711087009	Swine serum albumin	Substance	Observation	SNOMED	Valid	Standard
"2212002	78580	Pulmonary perfusion imaging (eg, particulate)	CPT4	Procedure	CPT4	Valid	Standard"
"2213358	89261	Sperm isolation; complex prep (eg, Percoll gradient, albumin gradient) for insemination or diagnosis with semen analysis	CPT4	Procedure	CPT4	Valid	Standard"
"2722256	80054	Comprehensive metabolic panel - must include: Albumin(82040) Bilirubin, total OR direct(82250) Calcium(82310) Chloride(82435) Creatinine(82565) Glucose(82947) Phosphatase, alkaline(84075) Potasium(84132) Protein, total(84155) Sodium(84295)... (Deprecated)	CPT4	Procedure	CPT4	Valid	Standard"
"2785926	30273J1	Transfusion of Nonautologous Serum Albumin into Products of Conception, Circulatory, Percutaneous Approach	ICD10PCS	Procedure	ICD10PCS	Valid	Standard"
"2785939	30277J1	Transfusion of Nonautologous Serum Albumin into Products of Conception, Circulatory, Via Natural or Artificial Opening	ICD10PCS	Procedure	ICD10PCS	Valid	Standard"
"2788675	30230J0	Transfusion of Autologous Serum Albumin into Peripheral Vein, Open Approach	ICD10PCS	Procedure	ICD10PCS	Valid	Standard"
"2788676	30230J1	Transfusion of Nonautologous Serum Albumin into Peripheral Vein, Open Approach	ICD10PCS	Procedure	ICD10PCS	Valid	Standard"
"2788708	30233J0	Transfusion of Autologous Serum Albumin into Peripheral Vein, Percutaneous Approach	ICD10PCS	Procedure	ICD10PCS	Valid	Standard"
"2788709	30233J1	Transfusion of Nonautologous Serum Albumin into Peripheral Vein, Percutaneous Approach	ICD10PCS	Procedure	ICD10PCS	Valid	Standard"
"2788931	30240J0	Transfusion of Autologous Serum Albumin into Central Vein, Open Approach	ICD10PCS	Procedure	ICD10PCS	Valid	Standard"
"2788932	30240J1	Transfusion of Nonautologous Serum Albumin into Central Vein, Open Approach	ICD10PCS	Procedure	ICD10PCS	Valid	Standard"
"2788964	30243J0	Transfusion of Autologous Serum Albumin into Central Vein, Percutaneous Approach	ICD10PCS	Procedure	ICD10PCS	Valid	Standard"
"2788965	30243J1	Transfusion of Nonautologous Serum Albumin into Central Vein, Percutaneous Approach	ICD10PCS	Procedure	ICD10PCS	Valid	Standard"
"2789183	30250J0	Transfusion of Autologous Serum Albumin into Peripheral Artery, Open Approach (Deprecated)	ICD10PCS	Procedure	ICD10PCS	Valid	Standard"
"2789184	30250J1	Transfusion of Nonautologous Serum Albumin into Peripheral Artery, Open Approach (Deprecated)	ICD10PCS	Procedure	ICD10PCS	Valid	Standard"
"2789215	30253J0	Transfusion of Autologous Serum Albumin into Peripheral Artery, Percutaneous Approach (Deprecated)	ICD10PCS	Procedure	ICD10PCS	Valid	Standard"
"2789216	30253J1	Transfusion of Nonautologous Serum Albumin into Peripheral Artery, Percutaneous Approach (Deprecated)	ICD10PCS	Procedure	ICD10PCS	Valid	Standard"
"2789436	30260J0	Transfusion of Autologous Serum Albumin into Central Artery, Open Approach (Deprecated)	ICD10PCS	Procedure	ICD10PCS	Valid	Standard"
"2789437	30260J1	Transfusion of Nonautologous Serum Albumin into Central Artery, Open Approach (Deprecated)	ICD10PCS	Procedure	ICD10PCS	Valid	Standard"
"2789468	30263J0	Transfusion of Autologous Serum Albumin into Central Artery, Percutaneous Approach (Deprecated)	ICD10PCS	Procedure	ICD10PCS	Valid	Standard"
"2789469	30263J1	Transfusion of Nonautologous Serum Albumin into Central Artery, Percutaneous Approach (Deprecated)	ICD10PCS	Procedure	ICD10PCS	Valid	Standard"
2805700	30260J	Administration @ Circulatory @ Transfusion @ Central Artery @ Open @ Serum Albumin (Deprecated)	ICD10PCS Hierarchy	Procedure	ICD10PCS	Valid	Standard
2813364	30233J	Administration @ Circulatory @ Transfusion @ Peripheral Vein @ Percutaneous @ Serum Albumin	ICD10PCS Hierarchy	Procedure	ICD10PCS	Valid	Standard
2820543	30253J	Administration @ Circulatory @ Transfusion @ Peripheral Artery @ Percutaneous @ Serum Albumin (Deprecated)	ICD10PCS Hierarchy	Procedure	ICD10PCS	Valid	Standard
2820548	30263J	Administration @ Circulatory @ Transfusion @ Central Artery @ Percutaneous @ Serum Albumin (Deprecated)	ICD10PCS Hierarchy	Procedure	ICD10PCS	Valid	Standard
2828434	30250J	Administration @ Circulatory @ Transfusion @ Peripheral Artery @ Open @ Serum Albumin (Deprecated)	ICD10PCS Hierarchy	Procedure	ICD10PCS	Valid	Standard
2845878	30240J	Administration @ Circulatory @ Transfusion @ Central Vein @ Open @ Serum Albumin	ICD10PCS Hierarchy	Procedure	ICD10PCS	Valid	Standard
2859122	30230J	Administration @ Circulatory @ Transfusion @ Peripheral Vein @ Open @ Serum Albumin	ICD10PCS Hierarchy	Procedure	ICD10PCS	Valid	Standard
2867447	30243J	Administration @ Circulatory @ Transfusion @ Central Vein @ Percutaneous @ Serum Albumin	ICD10PCS Hierarchy	Procedure	ICD10PCS	Valid	Standard
"2885585	30277J	Administration @ Circulatory @ Transfusion @ Products of Conception, Circulatory @ Via Natural or Artificial Opening @ Serum Albumin	ICD10PCS Hierarchy	Procedure	ICD10PCS	Valid	Standard"
"2893415	30273J	Administration @ Circulatory @ Transfusion @ Products of Conception, Circulatory @ Percutaneous @ Serum Albumin	ICD10PCS Hierarchy	Procedure	ICD10PCS	Valid	Standard"
3526283	284451000000108	Extracorporeal albumin haemodialysis	Procedure	Procedure	SNOMED	Invalid	Non-standard
3572769	378151000000106	Radionuclide study of whole body right to left shunt detection using macroaggregated albumin	Procedure	Procedure	SNOMED	Invalid	Non-standard
4022175	116865006	Administration of albumin	Procedure	Procedure	SNOMED	Valid	Standard
4023915	116788004	Transfusion of albumin	Procedure	Procedure	SNOMED	Valid	Standard
4140589	427053002	Extracorporeal albumin hemodialysis	Procedure	Procedure	SNOMED	Valid	Standard
4347799	241289002	Radiolabeled Tc99m human serum albumin cerebral blood flow study	Procedure	Procedure	SNOMED	Invalid	Non-standard
35623018	765293002	Radionuclide imaging using technetium (99m-Tc) human serum albumin with cerebral blood flow	Procedure	Procedure	SNOMED	Valid	Standard
40482262	442178003	Radionuclide study of whole body for detection of right to left shunt using macroaggregated albumin	Procedure	Procedure	SNOMED	Valid	Standard
44808541	859171000000108	Radionuclide technetium 99m macroaggregated albumin perfusion study of liver	Procedure	Procedure	SNOMED	Valid	Standard
44808542	859181000000105	SPECT of liver using technetium 99m macroaggregated albumin	Procedure	Procedure	SNOMED	Valid	Standard
44808543	859191000000107	SPECT CT of liver using technetium 99m macroaggregated albumin	Procedure	Procedure	SNOMED	Valid	Standard
44810984	890111000000104	Radionuclide study of whole body for detection of liver to lung shunt using Tc99m MAA (technetium 99m macroaggregated albumin)	Procedure	Procedure	SNOMED	Invalid	Non-standard
45765634	702618002	Radionuclide imaging of whole body for detection of liver to lung shunt using technetium 99m macroaggregated albumin	Procedure	Procedure	SNOMED	Valid	Standard
46272019	710312009	Radionuclide imaging of perfusion of liver using technetium (99m-Tc) aggregated albumin	Procedure	Procedure	SNOMED	Valid	Standard
46286841	981701000000102	Radionuclide study for detection of liver to lung shunt using Tc99m MAA (technetium 99m macroaggregated albumin)	Procedure	Procedure	SNOMED	Valid	Standard
40334967	168158005	Sample albumin &/or fluid	Specimen	Specimen	SNOMED	Invalid	Non-standard
