﻿Id	Code	Name	Standard Class	Domain	Vocab	Validity	Concept
21494349	80110-0	Emergency department Visit notification note	Clinical Observation	Measurement	LOINC	Valid	Standard
4163685	4525004	Emergency department patient visit	Procedure	Observation	SNOMED	Valid	Standard
"2514433	99281	Emergency department visit for the evaluation and management of a patient, which requires these 3 key components: A problem focused history; A problem focused examination; and Straightforward medical decision making. Counseling and/or coordination of c...	CPT4	Procedure	CPT4	Valid	Standard"
"2514434	99282	Emergency department visit for the evaluation and management of a patient, which requires these 3 key components: An expanded problem focused history; An expanded problem focused examination; and Medical decision making of low complexity. Counseling an...	CPT4	Procedure	CPT4	Valid	Standard"
"2514435	99283	Emergency department visit for the evaluation and management of a patient, which requires these 3 key components: An expanded problem focused history; An expanded problem focused examination; and Medical decision making of moderate complexity. Counseli...	CPT4	Procedure	CPT4	Valid	Standard"
"2514436	99284	Emergency department visit for the evaluation and management of a patient, which requires these 3 key components: A detailed history; A detailed examination; and Medical decision making of moderate complexity. Counseling and/or coordination of care wit...	CPT4	Procedure	CPT4	Valid	Standard"
"2514437	99285	Emergency department visit for the evaluation and management of a patient, which requires these 3 key components within the constraints imposed by the urgency of the patient's clinical condition and/or mental status: A comprehensive history; A comprehe...	CPT4	Procedure	CPT4	Valid	Standard"
